Date, Open , High , Low , Close , Adj Close ,Volume
11/12/2020, 146.55 , 151.50 , 135.10 , 139.25 , 139.25 ,26980800
14/12/2020, 135.00 , 135.30 , 125.16 , 130.00 , 130.00 ,16966100
15/12/2020, 126.69 , 127.60 , 121.50 , 124.80 , 124.80 ,10914400
16/12/2020,125.83, 142.00 , 124.91 , 137.99 , 137.99 ,20409600
17/12/2020, 143.00 , 152.45 , 142.67 , 147.05 , 147.05 ,15054700
18/12/2020, 150.45 , 159.00 , 150.30 , 157.30 , 157.30 ,15954200
21/12/2020, 155.31 , 172.00 , 145.11 , 163.02 , 163.02 ,17788100
22/12/2020, 170.00 , 174.97 , 161.05 , 163.19 , 163.19 ,9872600
23/12/2020, 162.81 , 168.25 , 155.50 , 158.01 , 158.01 ,5852500
24/12/2020, 159.16 , 162.79 , 154.11 , 154.84 , 154.84 ,3621400
28/12/2020, 158.60 , 163.64 , 147.52 , 149.00 , 149.00 ,6229200
29/12/2020, 150.00 , 151.65 , 143.12 , 150.00 , 150.00 ,5402300
30/12/2020, 151.34 , 152.81 , 145.60 , 148.43 , 148.43 ,3462400
31/12/2020, 146.90 , 147.89 , 144.51 , 146.80 , 146.80 ,2795800
04/01/2021, 150.99 , 151.01 , 137.00 , 139.15 , 139.15 ,6409900
05/01/2021, 138.28 , 149.00 , 137.25 , 148.30 , 148.30 ,5974200
06/01/2021, 145.75 , 148.35 , 141.11 , 142.77 , 142.77 ,4213900
07/01/2021, 146.37 , 154.42 , 145.26 , 151.27 , 151.27 ,4482800
08/01/2021, 153.45 , 155.54 , 147.25 , 149.77 , 149.77 ,4615600
11/01/2021, 147.99 , 150.50 , 144.02 , 148.13 , 148.13 ,2801900
12/01/2021, 148.08 , 163.88 , 143.61 , 160.80 , 160.80 ,8123600
13/01/2021, 160.81 , 178.62 , 159.35 , 169.99 , 169.99 ,12529700
14/01/2021, 175.54 , 187.42 , 174.98 , 180.50 , 180.50 ,9926500
15/01/2021, 184.58 , 185.99 , 164.86 , 169.27 , 169.27 ,8575700
19/01/2021, 173.00 , 178.60 , 166.60 , 173.69 , 173.69 ,4685400
20/01/2021, 176.01 , 176.31 , 161.00 , 161.83 , 161.83 ,8517400
21/01/2021, 164.99 , 183.47 , 155.33 , 180.40 , 180.40 ,17618400
22/01/2021, 178.09 , 185.31 , 175.19 , 181.87 , 181.87 ,7136800
25/01/2021, 186.05 , 192.47 , 170.03 , 177.53 , 177.53 ,7472900
26/01/2021, 180.00 , 193.00 , 177.30 , 192.74 , 192.74 ,6460900
27/01/2021, 187.64 , 216.00 , 185.50 , 201.25 , 201.25 ,11019800
28/01/2021, 202.60 , 212.84 , 187.05 , 187.37 , 187.37 ,7077700
29/01/2021, 190.71 , 193.50 , 179.31 , 183.63 , 183.63 ,4529800
01/02/2021, 187.48 , 188.82 , 179.74 , 180.44 , 180.44 ,3877400
02/02/2021, 183.22 , 186.48 , 177.11 , 179.17 , 179.17 ,4413600
03/02/2021, 181.98 , 190.90 , 180.00 , 185.72 , 185.72 ,4169000
04/02/2021, 187.07 , 195.99 , 186.19 , 195.80 , 195.80 ,3631500
05/02/2021, 197.00 , 197.25 , 190.25 , 195.31 , 195.31 ,2869700
08/02/2021, 199.93 , 201.96 , 191.50 , 200.43 , 200.43 ,3488100
09/02/2021, 199.20 , 209.22 , 196.16 , 199.88 , 199.88 ,4725800
10/02/2021, 205.48 , 214.72 , 202.10 , 211.66 , 211.66 ,5257200
11/02/2021, 213.50 , 219.94 , 207.00 , 216.84 , 216.84 ,3595200
12/02/2021, 214.46 , 216.94 , 209.00 , 212.68 , 212.68 ,3041700
16/02/2021, 216.24 , 218.78 , 209.09 , 209.86 , 209.86 ,3487900
17/02/2021, 207.05 , 208.76 , 196.02 , 201.96 , 201.96 ,4090600
18/02/2021, 199.01 , 200.36 , 192.17 , 198.04 , 198.04 ,2791400
19/02/2021, 203.95 , 205.55 , 200.18 , 201.07 , 201.07 ,2605800
22/02/2021, 200.70 , 205.00 , 193.50 , 195.34 , 195.34 ,3674200
23/02/2021, 189.00 , 191.67 , 175.00 , 187.59 , 187.59 ,5902400
24/02/2021, 190.98 , 208.15 , 189.00 , 200.20 , 200.20 ,5983500
25/02/2021, 197.41 , 199.80 , 180.00 , 182.06 , 182.06 ,11568500
26/02/2021, 194.18 , 214.10 , 185.75 , 206.35 , 206.35 ,19368600
01/03/2021, 195.82 , 199.69 , 192.62 , 196.42 , 196.42 ,15798500
02/03/2021, 195.63 , 200.00 , 188.50 , 189.90 , 189.90 ,9144900
03/03/2021, 186.97 , 188.48 , 178.80 , 180.40 , 180.40 ,10592900
04/03/2021, 178.64 , 183.90 , 170.87 , 180.23 , 180.23 ,9993700
05/03/2021, 182.52 , 183.50 , 161.90 , 179.81 , 179.81 ,8788500
08/03/2021, 179.99 , 186.40 , 177.03 , 180.81 , 180.81 ,4988500
09/03/2021, 184.99 , 189.46 , 180.72 , 183.11 , 183.11 ,6079900
10/03/2021, 184.57 , 191.00 , 181.55 , 183.79 , 183.79 ,6145600
11/03/2021, 189.90 , 201.00 , 188.50 , 197.87 , 197.87 ,6031200
12/03/2021, 196.27 , 208.70 , 192.20 , 206.74 , 206.74 ,5556500
15/03/2021, 209.54 , 213.74 , 203.81 , 209.99 , 209.99 ,4329400
16/03/2021, 209.11 , 215.49 , 198.18 , 200.01 , 200.01 ,4605600
17/03/2021, 195.63 , 203.46 , 194.44 , 201.36 , 201.36 ,3781900
18/03/2021, 196.80 , 199.90 , 190.68 , 191.45 , 191.45 ,3711500
19/03/2021, 193.01 , 196.49 , 187.81 , 194.39 , 194.39 ,4444600
22/03/2021, 196.85 , 203.30 , 194.71 , 195.00 , 195.00 ,3740400
23/03/2021, 195.50 , 196.75 , 185.74 , 187.14 , 187.14 ,3460600
24/03/2021, 189.00 , 189.78 , 178.51 , 178.85 , 178.85 ,3756100
25/03/2021, 173.10 , 179.54 , 170.50 , 176.16 , 176.16 ,5264100
26/03/2021, 178.42 , 181.00 , 168.00 , 174.40 , 174.40 ,3562900
29/03/2021, 175.36 , 185.46 , 173.50 , 182.50 , 182.50 ,4508800
30/03/2021, 182.35 , 185.23 , 178.38 , 183.10 , 183.10 ,2903300
31/03/2021, 185.43 , 192.27 , 185.13 , 187.94 , 187.94 ,3079500
01/04/2021, 192.50 , 193.99 , 185.37 , 188.24 , 188.24 ,2921400
05/04/2021, 191.66 , 192.10 , 185.81 , 186.69 , 186.69 ,2591400
06/04/2021, 188.70 , 194.48 , 187.52 , 190.03 , 190.03 ,3565600
07/04/2021, 189.38 , 190.62 , 179.47 , 179.94 , 179.94 ,6663500
08/04/2021, 181.65 , 183.90 , 179.30 , 180.18 , 180.18 ,2625300
09/04/2021, 179.62 , 182.46 , 177.25 , 179.50 , 179.50 ,2910200
12/04/2021, 179.68 , 181.49 , 176.25 , 176.49 , 176.49 ,2619800
13/04/2021, 175.26 , 178.61 , 172.14 , 177.95 , 177.95 ,3573600
14/04/2021, 179.50 , 181.47 , 175.31 , 176.43 , 176.43 ,2938600
15/04/2021, 177.00 , 178.24 , 174.25 , 175.35 , 175.35 ,2894900
16/04/2021, 176.01 , 179.51 , 172.94 , 178.69 , 178.69 ,3058300
19/04/2021, 177.32 , 178.72 , 171.50 , 174.58 , 174.58 ,3125700
20/04/2021, 173.18 , 175.00 , 165.52 , 169.57 , 169.57 ,4575000
21/04/2021, 168.09 , 170.32 , 164.12 , 167.07 , 167.07 ,3878600
22/04/2021, 168.49 , 176.92 , 168.43 , 170.71 , 170.71 ,3856500
23/04/2021, 172.92 , 178.25 , 172.00 , 174.25 , 174.25 ,3329900
26/04/2021, 175.21 , 176.03 , 171.07 , 174.88 , 174.88 ,2549400
27/04/2021, 176.16 , 179.61 , 174.80 , 177.94 , 177.94 ,2883000
28/04/2021, 174.44 , 181.67 , 173.35 , 180.00 , 180.00 ,2409700
29/04/2021, 182.75 , 183.22 , 173.35 , 177.68 , 177.68 ,3116000
30/04/2021, 173.00 , 176.45 , 172.01 , 172.71 , 172.71 ,3580000
03/05/2021, 173.19 , 173.44 , 167.80 , 168.11 , 168.11 ,3149700
04/05/2021, 167.01 , 169.04 , 161.96 , 168.90 , 168.90 ,4658000
05/05/2021, 169.30 , 170.18 , 162.12 , 162.33 , 162.33 ,3590100
06/05/2021, 161.91 , 162.10 , 150.70 , 153.64 , 153.64 ,8529000
07/05/2021, 156.50 , 157.05 , 148.78 , 151.21 , 151.21 ,7134000
10/05/2021, 150.28 , 150.50 , 144.52 , 146.73 , 146.73 ,5827200
11/05/2021, 139.10 , 144.35 , 136.01 , 142.73 , 142.73 ,8257400
12/05/2021, 140.90 , 144.77 , 138.75 , 140.25 , 140.25 ,5307500
13/05/2021, 142.25 , 142.33 , 131.28 , 135.75 , 135.75 ,13005400
14/05/2021, 137.68 , 142.25 , 131.67 , 141.20 , 141.20 ,20325400
17/05/2021, 137.16 , 137.79 , 130.25 , 132.50 , 132.50 ,39755000
18/05/2021, 134.00 , 138.40 , 131.49 , 135.02 , 135.02 ,18555600
19/05/2021, 129.95 , 138.38 , 129.71 , 138.19 , 138.19 ,15565500
20/05/2021, 138.84 , 138.89 , 135.65 , 136.20 , 136.20 ,8903600
21/05/2021, 136.55 , 137.17 , 132.88 , 134.71 , 134.71 ,10056500
24/05/2021, 135.50 , 137.98 , 134.39 , 135.91 , 135.91 ,8543600
25/05/2021, 137.40 , 137.85 , 133.56 , 133.99 , 133.99 ,10435800
26/05/2021, 134.94 , 135.76 , 133.72 , 134.75 , 134.75 ,8179200
27/05/2021, 135.07 , 143.82 , 134.50 , 143.17 , 143.17 ,21270200
28/05/2021, 144.76 , 145.00 , 140.25 , 140.40 , 140.40 ,12000600
01/06/2021, 143.89 , 146.09 , 141.59 , 144.31 , 144.31 ,16552100
02/06/2021, 145.35 , 152.70 , 144.40 , 151.00 , 151.00 ,16245100
03/06/2021, 149.55 , 151.12 , 143.80 , 144.19 , 144.19 ,11083300
04/06/2021, 145.83 , 151.57 , 145.00 , 150.73 , 150.73 ,8534900
07/06/2021, 150.96 , 150.96 , 146.40 , 148.97 , 148.97 ,7780200
08/06/2021, 150.60 , 150.75 , 145.80 , 147.01 , 147.01 ,7125800
09/06/2021, 148.57 , 149.36 , 144.46 , 144.85 , 144.85 ,5606500
10/06/2021, 142.15 , 147.45 , 141.04 , 146.12 , 146.12 ,9482500
11/06/2021, 145.87 , 148.95 , 145.20 , 148.44 , 148.44 ,4819900
14/06/2021, 149.25 , 149.60 , 146.85 , 149.21 , 149.21 ,6107500
15/06/2021, 149.20 , 153.74 , 148.84 , 151.78 , 151.78 ,12007700
16/06/2021, 150.95 , 152.35 , 146.92 , 149.15 , 149.15 ,9632800
17/06/2021, 148.99 , 152.29 , 148.61 , 150.70 , 150.70 ,8171300
18/06/2021, 150.38 , 154.80 , 149.40 , 152.52 , 152.52 ,11628900
21/06/2021, 152.52 , 152.61 , 145.83 , 149.70 , 149.70 ,8040200
22/06/2021, 149.75 , 151.65 , 148.40 , 149.68 , 149.68 ,5790400
23/06/2021, 149.76 , 154.59 , 147.80 , 151.58 , 151.58 ,9335700
24/06/2021, 152.67 , 153.63 , 149.86 , 150.73 , 150.73 ,8173400
25/06/2021, 151.23 , 153.17 , 149.28 , 149.67 , 149.67 ,6452400
28/06/2021, 148.62 , 150.93 , 147.08 , 149.94 , 149.94 ,6451000
29/06/2021, 149.75 , 149.94 , 145.77 , 146.08 , 146.08 ,7479000
30/06/2021, 145.54 , 154.09 , 144.24 , 153.14 , 153.14 ,9798600
01/07/2021, 154.50 , 157.41 , 151.41 , 153.08 , 153.08 ,9787100
02/07/2021, 153.31 , 154.95 , 149.56 , 150.23 , 150.23 ,4826500
06/07/2021, 150.08 , 152.80 , 147.81 , 148.37 , 148.37 ,5069400
07/07/2021, 148.15 , 148.94 , 143.60 , 143.72 , 143.72 ,5650900
08/07/2021, 140.43 , 143.73 , 139.53 , 142.53 , 142.53 ,4827200
09/07/2021, 143.30 , 150.26 , 143.30 , 149.64 , 149.64 ,7065100
12/07/2021, 148.99 , 150.42 , 146.01 , 146.69 , 146.69 ,3276300
13/07/2021, 147.70 , 147.70 , 143.00 , 143.41 , 143.41 ,5871500
14/07/2021, 143.86 , 144.20 , 139.04 , 139.09 , 139.09 ,8545500
15/07/2021, 139.18 , 140.52 , 136.54 , 137.50 , 137.50 ,6576100
16/07/2021, 139.69 , 139.79 , 133.51 , 134.31 , 134.31 ,6094600
19/07/2021, 131.36 , 133.77 , 130.31 , 131.88 , 131.88 ,7215700
20/07/2021, 132.75 , 137.43 , 131.70 , 136.09 , 136.09 ,6274600
21/07/2021, 136.71 , 140.15 , 135.73 , 139.25 , 139.25 ,5269600
22/07/2021, 141.29 , 141.29 , 137.66 , 139.47 , 139.47 ,4628400
23/07/2021, 139.80 , 140.00 , 137.41 , 138.73 , 138.73 ,2811100
26/07/2021, 139.13 , 142.19 , 137.20 , 142.00 , 142.00 ,6489500
27/07/2021, 141.26 , 142.52 , 138.31 , 141.58 , 141.58 ,5113100
28/07/2021, 141.31 , 143.73 , 141.03 , 143.30 , 143.30 ,4466800
29/07/2021, 143.65 , 145.00 , 141.71 , 143.47 , 143.47 ,5005500
30/07/2021, 141.75 , 144.69 , 141.74 , 144.01 , 144.01 ,4167100
02/08/2021, 143.85 , 146.27 , 143.40 , 145.49 , 145.49 ,4522400
03/08/2021, 147.73 , 147.79 , 143.28 , 145.65 , 145.65 ,5491000
04/08/2021, 145.10 , 147.46 , 145.01 , 147.40 , 147.40 ,4631400
05/08/2021, 146.67 , 150.41 , 146.40 , 150.32 , 150.32 ,4737500
06/08/2021, 148.99 , 150.19 , 147.55 , 149.99 , 149.99 ,4043500
09/08/2021, 148.74 , 151.00 , 148.70 , 149.44 , 149.44 ,5541900
10/08/2021, 149.37 , 150.76 , 147.85 , 147.95 , 147.95 ,5149800
11/08/2021, 147.54 , 149.28 , 145.16 , 148.16 , 148.16 ,6717700
12/08/2021, 148.86 , 151.68 , 146.55 , 151.15 , 151.15 ,8794100
13/08/2021, 146.66 , 152.76 , 144.51 , 152.76 , 152.76 ,16789100
16/08/2021, 151.99 , 152.03 , 144.90 , 148.57 , 148.57 ,7715200
17/08/2021, 145.00 , 148.20 , 143.58 , 143.90 , 143.90 ,7855100
18/08/2021, 144.02 , 148.68 , 141.70 , 146.74 , 146.74 ,5190100
19/08/2021, 143.79 , 145.28 , 141.92 , 142.65 , 142.65 ,4732400
20/08/2021, 142.00 , 143.95 , 141.50 , 143.70 , 143.70 ,2996200
23/08/2021, 144.90 , 147.63 , 144.15 , 146.79 , 146.79 ,4727400
24/08/2021, 147.00 , 161.98 , 146.50 , 161.42 , 161.42 ,22096800
25/08/2021, 158.76 , 163.06 , 158.00 , 160.35 , 160.35 ,7267700
26/08/2021, 159.34 , 159.50 , 151.45 , 152.73 , 152.73 ,7243000
27/08/2021, 152.25 , 156.44 , 151.45 , 154.18 , 154.18 ,4818800
30/08/2021, 154.41 , 157.49 , 151.92 , 156.02 , 156.02 ,3968700
31/08/2021, 155.94 , 158.15 , 153.58 , 154.99 , 154.99 ,7404000
01/09/2021, 154.84 , 158.64 , 154.29 , 156.59 , 156.59 ,4324700
02/09/2021, 156.50 , 159.46 , 156.50 , 157.20 , 157.20 ,3301000
03/09/2021, 158.05 , 160.64 , 157.20 , 158.00 , 158.00 ,4456400
07/09/2021, 159.72 , 165.74 , 159.55 , 165.00 , 165.00 ,11008800
08/09/2021, 163.23 , 166.55 , 161.60 , 163.93 , 163.93 ,5866500
09/09/2021, 163.00 , 166.97 , 160.83 , 166.00 , 166.00 ,5935800
10/09/2021, 166.95 , 168.24 , 165.01 , 165.20 , 165.20 ,3985300
13/09/2021, 160.25 , 162.99 , 154.79 , 160.32 , 160.32 ,7520900
14/09/2021, 160.66 , 164.70 , 159.41 , 163.30 , 163.30 ,4655500
15/09/2021, 162.32 , 166.63 , 160.49 , 166.37 , 166.37 ,5656000
16/09/2021, 165.26 , 169.45 , 165.04 , 168.15 , 168.15 ,6094800
17/09/2021, 169.30 , 170.00 , 163.61 , 166.59 , 166.59 ,20024700
20/09/2021, 162.24 , 166.54 , 159.45 , 161.64 , 161.64 ,6846800
21/09/2021, 164.00 , 170.01 , 162.96 , 169.29 , 169.29 ,8592500
22/09/2021, 170.03 , 171.81 , 167.37 , 169.96 , 169.96 ,4353600
23/09/2021, 171.55 , 176.00 , 170.50 , 175.13 , 175.13 ,5370800
24/09/2021, 174.53 , 176.96 , 173.61 , 175.88 , 175.88 ,4084900
27/09/2021, 175.00 , 176.32 , 172.02 , 174.26 , 174.26 ,3551400
28/09/2021, 172.52 , 173.56 , 166.90 , 168.58 , 168.58 ,4362800
29/09/2021, 170.10 , 171.22 , 166.55 , 168.07 , 168.07 ,2788700
30/09/2021, 168.10 , 169.50 , 165.71 , 167.75 , 167.75 ,2662500
01/10/2021, 170.31 , 173.20 , 168.55 , 173.01 , 173.01 ,4963000
04/10/2021, 171.99 , 172.26 , 164.03 , 164.50 , 164.50 ,4459400
05/10/2021, 165.67 , 166.59 , 162.43 , 164.74 , 164.74 ,4340100
06/10/2021, 161.39 , 167.32 , 160.63 , 167.25 , 167.25 ,2461500
07/10/2021, 170.00 , 171.27 , 168.60 , 169.60 , 169.60 ,2119600
08/10/2021, 170.10 , 174.10 , 169.48 , 169.97 , 169.97 ,2265100
11/10/2021, 170.00 , 171.54 , 166.63 , 166.67 , 166.67 ,2046300
12/10/2021, 172.69 , 175.90 , 171.23 , 172.75 , 172.75 ,6028100
13/10/2021, 173.00 , 175.19 , 171.80 , 173.58 , 173.58 ,3521900
14/10/2021, 175.24 , 176.75 , 170.04 , 170.50 , 170.50 ,4139400
15/10/2021, 171.90 , 172.95 , 168.58 , 169.18 , 169.18 ,3592700
18/10/2021, 167.50 , 172.70 , 167.11 , 172.32 , 172.32 ,2793700
19/10/2021, 172.57 , 172.81 , 170.06 , 170.74 , 170.74 ,2776600
20/10/2021, 170.06 , 171.94 , 168.20 , 169.76 , 169.76 ,2687000
21/10/2021, 169.07 , 171.53 , 167.70 , 170.50 , 170.50 ,2889400
22/10/2021, 169.30 , 169.44 , 165.16 , 166.64 , 166.64 ,2986000
25/10/2021, 166.69 , 170.33 , 166.65 , 169.24 , 169.24 ,2620800
26/10/2021, 170.40 , 172.00 , 167.90 , 171.14 , 171.14 ,2937900
27/10/2021, 170.74 , 172.65 , 168.88 , 169.10 , 169.10 ,3009800
28/10/2021, 170.20 , 171.85 , 168.71 , 171.70 , 171.70 ,2143700
29/10/2021, 171.39 , 171.39 , 168.85 , 170.66 , 170.66 ,2294400
01/11/2021, 170.50 , 175.44 , 170.50 , 174.60 , 174.60 ,4401100
02/11/2021, 174.95 , 175.30 , 170.58 , 172.87 , 172.87 ,3292100
03/11/2021, 171.89 , 173.75 , 170.93 , 172.87 , 172.87 ,2827100
04/11/2021, 175.95 , 179.43 , 173.96 , 178.45 , 178.45 ,9664600
05/11/2021, 186.15 , 203.29 , 185.94 , 201.62 , 201.62 ,27330500
08/11/2021, 203.35 , 211.34 , 199.75 , 200.32 , 200.32 ,12855300
09/11/2021, 201.44 , 201.50 , 187.50 , 194.68 , 194.68 ,9056100
10/11/2021, 190.23 , 195.00 , 189.28 , 192.22 , 192.22 ,6704100
11/11/2021, 195.20 , 197.93 , 190.77 , 191.61 , 191.61 ,5899000
12/11/2021, 192.46 , 208.16 , 192.06 , 206.54 , 206.54 ,12057800
15/11/2021, 206.20 , 209.24 , 204.16 , 207.21 , 207.21 ,7479300
16/11/2021, 205.59 , 209.93 , 203.47 , 207.04 , 207.04 ,4431300
17/11/2021, 207.00 , 212.58 , 198.40 , 199.11 , 199.11 ,6383400
18/11/2021, 199.34 , 205.00 , 196.00 , 204.33 , 204.33 ,4597700
19/11/2021, 196.60 , 199.36 , 190.50 , 196.42 , 196.42 ,8181900
22/11/2021, 190.44 , 190.76 , 176.72 , 181.73 , 181.73 ,12619800
23/11/2021, 181.14 , 183.73 , 175.25 , 178.27 , 178.27 ,6451900
24/11/2021, 175.63 , 182.78 , 175.00 , 179.89 , 179.89 ,4763300
26/11/2021, 167.76 , 174.64 , 167.04 , 173.86 , 173.86 ,6044100
29/11/2021, 176.88 , 180.70 , 175.90 , 180.08 , 180.08 ,5317400
30/11/2021, 176.40 , 180.64 , 170.92 , 172.54 , 172.54 ,10682700
01/12/2021, 174.01 , 180.13 , 162.03 , 163.08 , 163.08 ,7645700
02/12/2021, 161.36 , 170.29 , 160.49 , 169.60 , 169.60 ,5687600
03/12/2021, 168.98 , 170.73 , 162.14 , 166.75 , 166.75 ,6460900
06/12/2021, 167.27 , 181.93 , 162.85 , 180.85 , 180.85 ,9813800
07/12/2021, 185.61 , 187.50 , 182.02 , 183.14 , 183.14 ,6264600
08/12/2021, 186.00 , 187.50 , 182.14 , 186.49 , 186.49 ,4218700
09/12/2021, 182.09 , 185.30 , 179.28 , 181.46 , 181.46 ,3518000
10/12/2021, 178.15 , 181.10 , 175.85 , 180.42 , 180.42 ,3980400
13/12/2021, 178.25 , 180.00 , 168.89 , 171.04 , 171.04 ,7263700
14/12/2021, 168.30 , 169.91 , 164.50 , 167.96 , 167.96 ,5660400
15/12/2021, 167.64 , 168.96 , 160.18 , 168.14 , 168.14 ,6678500
16/12/2021, 166.25 , 167.73 , 153.60 , 156.38 , 156.38 ,9415100
17/12/2021, 154.62 , 158.31 , 149.44 , 157.91 , 157.91 ,24062400
20/12/2021, 151.16 , 158.48 , 151.00 , 157.23 , 157.23 ,4639300
21/12/2021, 159.50 , 167.27 , 158.37 , 165.66 , 165.66 ,6293500
22/12/2021, 165.68 , 170.68 , 162.80 , 169.29 , 169.29 ,4802500
23/12/2021, 170.50 , 171.99 , 166.89 , 171.31 , 171.31 ,4017400
27/12/2021, 169.81 , 172.43 , 168.78 , 171.68 , 171.68 ,2725200
28/12/2021, 171.32 , 172.73 , 167.73 , 169.71 , 169.71 ,2292600
29/12/2021, 169.52 , 170.48 , 165.02 , 167.44 , 167.44 ,1995400
30/12/2021, 167.06 , 170.85 , 165.71 , 168.78 , 168.78 ,2181100
31/12/2021, 168.78 , 170.87 , 166.08 , 166.49 , 166.49 ,2596000
03/01/2022, 165.30 , 172.84 , 165.22 , 172.68 , 172.68 ,4224900
04/01/2022, 174.15 , 175.90 , 167.20 , 170.80 , 170.80 ,4080000
05/01/2022, 169.88 , 175.11 , 162.24 , 162.25 , 162.25 ,4804600
06/01/2022, 160.29 , 163.73 , 156.34 , 159.75 , 159.75 ,5049600
07/01/2022, 159.18 , 166.88 , 158.46 , 166.05 , 166.05 ,5624600
10/01/2022, 159.76 , 161.70 , 152.10 , 160.71 , 160.71 ,6973600
11/01/2022, 160.71 , 169.39 , 159.08 , 168.61 , 168.61 ,5331600
12/01/2022, 170.24 , 171.04 , 165.11 , 169.54 , 169.54 ,3534300
13/01/2022, 170.23 , 171.99 , 165.76 , 166.00 , 166.00 ,4893800
14/01/2022, 165.75 , 167.63 , 160.24 , 163.99 , 163.99 ,4144000
18/01/2022, 156.91 , 160.79 , 153.87 , 154.69 , 154.69 ,5775400
19/01/2022, 157.00 , 160.23 , 154.44 , 154.58 , 154.58 ,5127400
20/01/2022, 157.81 , 165.20 , 157.35 , 158.00 , 158.00 ,4941900
21/01/2022, 156.82 , 160.20 , 152.41 , 156.73 , 156.73 ,7242300
24/01/2022, 150.00 , 151.16 , 135.76 , 147.90 , 147.90 ,14606600
25/01/2022, 143.90 , 147.38 , 140.13 , 144.56 , 144.56 ,5704900
26/01/2022, 149.29 , 152.40 , 140.04 , 142.14 , 142.14 ,6990300
27/01/2022, 143.48 , 145.55 , 137.92 , 138.41 , 138.41 ,4493800
28/01/2022, 138.54 , 143.11 , 134.37 , 142.77 , 142.77 ,5604400
31/01/2022, 144.80 , 153.97 , 143.81 , 153.97 , 153.97 ,5463000
01/02/2022, 155.35 , 157.39 , 152.50 , 156.94 , 156.94 ,3799300
02/02/2022, 156.31 , 156.51 , 150.71 , 151.76 , 151.76 ,3678300
03/02/2022, 147.97 , 152.18 , 146.68 , 149.57 , 149.57 ,4577100
04/02/2022, 150.14 , 157.24 , 150.00 , 155.56 , 155.56 ,4687700
07/02/2022, 156.79 , 160.88 , 155.95 , 157.91 , 157.91 ,4690700
08/02/2022, 154.00 , 163.08 , 153.44 , 162.26 , 162.26 ,4309100
09/02/2022, 165.37 , 170.07 , 165.08 , 169.53 , 169.53 ,4868300
10/02/2022, 165.24 , 177.06 , 165.24 , 171.95 , 171.95 ,8261400
11/02/2022, 175.31 , 176.74 , 164.83 , 166.53 , 166.53 ,6464400
14/02/2022, 166.63 , 171.80 , 165.03 , 169.66 , 169.66 ,4847600
15/02/2022, 172.92 , 180.63 , 172.75 , 180.07 , 180.07 ,11733900
16/02/2022, 178.29 , 191.73 , 178.00 , 186.64 , 186.64 ,22252900
17/02/2022, 184.90 , 188.98 , 181.54 , 183.60 , 183.60 ,7779200
18/02/2022, 180.26 , 182.66 , 173.62 , 174.90 , 174.90 ,8848800
22/02/2022, 172.13 , 176.38 , 161.32 , 165.24 , 165.24 ,8392600
23/02/2022, 165.93 , 166.65 , 149.85 , 150.04 , 150.04 ,9778500
24/02/2022, 141.30 , 158.96 , 141.18 , 158.26 , 158.26 ,10354600
25/02/2022, 159.26 , 159.45 , 152.91 , 155.09 , 155.09 ,6173200
28/02/2022, 155.02 , 155.10 , 148.30 , 151.49 , 151.49 ,11078500
01/03/2022, 150.53 , 154.22 , 149.95 , 151.01 , 151.01 ,5165800
02/03/2022, 152.48 , 158.08 , 151.89 , 157.53 , 157.53 ,5028300
03/03/2022, 158.33 , 159.22 , 150.99 , 151.69 , 151.69 ,4045800
04/03/2022, 150.77 , 151.89 , 140.46 , 142.70 , 142.70 ,8390800
07/03/2022, 145.00 , 145.27 , 131.52 , 131.59 , 131.59 ,9177300
08/03/2022, 131.63 , 144.47 , 131.50 , 142.13 , 142.13 ,9587000
09/03/2022, 145.43 , 150.99 , 145.33 , 148.31 , 148.31 ,7023900
10/03/2022, 145.22 , 152.89 , 144.41 , 151.80 , 151.80 ,5302500
11/03/2022, 154.13 , 155.00 , 145.00 , 145.14 , 145.14 ,4577300
14/03/2022, 143.41 , 144.67 , 136.04 , 138.50 , 138.50 ,6330200
15/03/2022, 140.00 , 144.73 , 138.32 , 143.95 , 143.95 ,5488700
16/03/2022, 148.15 , 156.98 , 146.31 , 155.75 , 155.75 ,7105400
17/03/2022, 153.79 , 157.60 , 151.05 , 157.55 , 157.55 ,5031700
18/03/2022, 156.07 , 167.18 , 155.70 , 167.00 , 167.00 ,8467500
21/03/2022, 164.57 , 165.95 , 159.00 , 161.80 , 161.80 ,4584400
22/03/2022, 163.61 , 168.18 , 162.00 , 166.44 , 166.44 ,4099900
23/03/2022, 163.64 , 166.89 , 162.88 , 164.16 , 164.16 ,2814300
24/03/2022, 164.81 , 171.00 , 162.67 , 170.83 , 170.83 ,4223500
25/03/2022, 169.94 , 170.61 , 164.13 , 167.22 , 167.22 ,2952300
28/03/2022, 167.22 , 168.72 , 162.43 , 167.65 , 167.65 ,3829800
29/03/2022, 172.11 , 178.88 , 171.81 , 175.52 , 175.52 ,5452800
30/03/2022, 173.13 , 176.82 , 172.02 , 173.63 , 173.63 ,3707400
31/03/2022, 173.54 , 176.15 , 171.16 , 171.76 , 171.76 ,3232200
01/04/2022, 173.06 , 177.94 , 172.23 , 173.07 , 173.07 ,3644900
04/04/2022, 175.02 , 177.02 , 172.59 , 177.02 , 177.02 ,3495700
05/04/2022, 177.19 , 179.09 , 170.12 , 171.21 , 171.21 ,4065000
06/04/2022, 167.05 , 168.77 , 161.58 , 164.66 , 164.66 ,4287700
07/04/2022, 163.19 , 167.86 , 161.71 , 165.91 , 165.91 ,4146600
08/04/2022, 162.52 , 164.90 , 159.35 , 162.56 , 162.56 ,3448400
11/04/2022, 159.84 , 163.57 , 157.41 , 160.25 , 160.25 ,3877200
12/04/2022, 163.70 , 166.11 , 157.28 , 160.11 , 160.11 ,4113000
13/04/2022, 160.84 , 172.96 , 160.65 , 171.85 , 171.85 ,7211900
14/04/2022, 171.66 , 174.64 , 170.29 , 170.70 , 170.70 ,5125100
18/04/2022, 169.27 , 170.12 , 164.35 , 165.74 , 165.74 ,3339900
19/04/2022, 165.74 , 170.82 , 165.71 , 170.12 , 170.12 ,2857100
20/04/2022, 172.61 , 172.61 , 164.31 , 164.55 , 164.55 ,3997900
21/04/2022, 168.98 , 170.93 , 156.68 , 157.91 , 157.91 ,4714600
22/04/2022, 157.84 , 161.67 , 154.78 , 156.09 , 156.09 ,3863400
25/04/2022, 154.33 , 159.79 , 152.10 , 158.39 , 158.39 ,3868100
26/04/2022, 158.40 , 159.20 , 152.80 , 153.04 , 153.04 ,4075000
27/04/2022, 153.82 , 157.30 , 150.44 , 152.23 , 152.23 ,4826000
28/04/2022, 154.01 , 161.26 , 153.66 , 159.74 , 159.74 ,4854500
29/04/2022, 158.88 , 163.24 , 153.00 , 153.21 , 153.21 ,4033100
02/05/2022, 153.21 , 155.13 , 147.21 , 152.78 , 152.78 ,5945300
03/05/2022, 154.09 , 154.49 , 141.58 , 145.00 , 145.00 ,16774700
04/05/2022, 152.55 , 158.74 , 145.87 , 156.18 , 156.18 ,20598100
05/05/2022, 152.19 , 153.88 , 140.86 , 143.09 , 143.09 ,11367200
06/05/2022, 142.70 , 143.11 , 133.04 , 135.84 , 135.84 ,9573100
09/05/2022, 131.76 , 131.88 , 118.83 , 119.37 , 119.37 ,14430900
10/05/2022, 122.95 , 123.46 , 113.53 , 116.13 , 116.13 ,13638500
11/05/2022, 114.53 , 123.77 , 112.37 , 116.15 , 116.15 ,13661400
12/05/2022, 113.66 , 120.49 , 111.22 , 115.94 , 115.94 ,9264300
13/05/2022, 119.96 , 123.29 , 118.82 , 121.45 , 121.45 ,8595400
16/05/2022, 121.00 , 121.07 , 113.25 , 114.44 , 114.44 ,7588400
17/05/2022, 119.97 , 120.18 , 114.51 , 117.50 , 117.50 ,6962900
18/05/2022, 116.11 , 117.04 , 107.62 , 108.03 , 108.03 ,9718700
19/05/2022, 108.18 , 116.35 , 107.45 , 114.17 , 114.17 ,8926600
20/05/2022, 115.46 , 116.25 , 108.50 , 112.55 , 112.55 ,6961900
23/05/2022, 113.54 , 115.15 , 110.93 , 113.28 , 113.28 ,6000800
24/05/2022, 111.28 , 111.42 , 103.74 , 106.24 , 106.24 ,6415800
25/05/2022, 105.89 , 111.94 , 104.97 , 110.40 , 110.40 ,6203300
26/05/2022, 109.74 , 115.55 , 108.11 , 114.30 , 114.30 ,6883200
27/05/2022, 116.00 , 120.70 , 115.77 , 120.50 , 120.50 ,7391500
31/05/2022, 120.50 , 122.30 , 117.16 , 120.87 , 120.87 ,9117600
01/06/2022, 121.05 , 121.07 , 114.39 , 116.72 , 116.72 ,6879600
02/06/2022, 117.13 , 123.00 , 116.27 , 121.26 , 121.26 ,5166200
03/06/2022, 118.07 , 121.50 , 117.56 , 119.83 , 119.83 ,4584600
06/06/2022, 123.33 , 124.18 , 119.92 , 122.02 , 122.02 ,4160200
07/06/2022, 119.76 , 123.91 , 119.12 , 122.90 , 122.90 ,3331200
08/06/2022, 121.43 , 125.51 , 121.23 , 123.77 , 123.77 ,3775600
09/06/2022, 122.31 , 122.98 , 115.42 , 115.72 , 115.72 ,5315900
10/06/2022, 111.80 , 115.13 , 108.32 , 108.91 , 108.91 ,6936900
13/06/2022, 102.85 , 105.33 , 98.36 , 98.93 , 98.93 ,9587300
14/06/2022, 99.54 , 101.35 , 97.20 , 98.87 , 98.87 ,5915300
15/06/2022, 100.02 , 103.65 , 98.92 , 101.47 , 101.47 ,6260400
16/06/2022, 96.19 , 97.50 , 92.09 , 93.26 , 93.26 ,9435700
17/06/2022, 93.53 , 100.61 , 93.53 , 99.49 , 99.49 ,11293100
21/06/2022, 102.69 , 104.89 , 101.62 , 102.27 , 102.27 ,6532700
22/06/2022, 99.00 , 102.50 , 98.72 , 99.53 , 99.53 ,8986000
23/06/2022, 100.00 , 100.80 , 93.02 , 95.72 , 95.72 ,12340800
24/06/2022, 97.52 , 104.18 , 96.33 , 103.51 , 103.51 ,28797400
27/06/2022, 103.96 , 104.17 , 99.33 , 101.50 , 101.50 ,7352100
28/06/2022, 103.34 , 105.45 , 97.09 , 97.53 , 97.53 ,7744100
29/06/2022, 96.83 , 97.00 , 92.05 , 93.93 , 93.93 ,6522600
30/06/2022, 92.49 , 92.91 , 86.71 , 89.08 , 89.08 ,9007800
01/07/2022, 89.09 , 91.46 , 87.43 , 91.41 , 91.41 ,5995400
05/07/2022, 88.88 , 96.01 , 86.75 , 95.94 , 95.94 ,7648500
06/07/2022, 95.29 , 96.17 , 91.80 , 92.88 , 92.88 ,5703000
07/07/2022, 93.66 , 97.55 , 92.16 , 97.50 , 97.50 ,7480500
08/07/2022, 96.23 , 98.12 , 93.24 , 97.35 , 97.35 ,5669500
11/07/2022, 96.00 , 97.09 , 93.27 , 95.10 , 95.10 ,6041400
12/07/2022, 95.30 , 97.69 , 93.32 , 96.55 , 96.55 ,4170200
13/07/2022, 93.75 , 96.59 , 91.61 , 95.64 , 95.64 ,6967800
14/07/2022, 94.28 , 94.58 , 90.17 , 91.05 , 91.05 ,8334600
15/07/2022, 92.55 , 95.65 , 90.66 , 94.66 , 94.66 ,7497200
18/07/2022, 96.78 , 101.88 , 95.98 , 97.67 , 97.67 ,7171500
19/07/2022, 99.70 , 102.71 , 98.76 , 102.20 , 102.20 ,5603800
20/07/2022, 103.11 , 108.92 , 102.75 , 107.73 , 107.73 ,6834100
21/07/2022, 106.98 , 108.50 , 104.41 , 108.14 , 108.14 ,4284900
22/07/2022, 108.31 , 110.10 , 102.93 , 103.97 , 103.97 ,4243900
25/07/2022, 103.78 , 105.26 , 101.48 , 104.95 , 104.95 ,3142900
26/07/2022, 102.38 , 103.63 , 101.10 , 101.91 , 101.91 ,4191000
27/07/2022, 105.79 , 107.99 , 104.06 , 107.36 , 107.36 ,5362700
28/07/2022, 108.17 , 110.06 , 104.68 , 108.84 , 108.84 ,4471900
29/07/2022, 108.20 , 111.16 , 107.11 , 110.98 , 110.98 ,4637800
01/08/2022, 110.00 , 113.96 , 107.48 , 111.20 , 111.20 ,6019500
02/08/2022, 111.67 , 117.78 , 111.10 , 116.34 , 116.34 ,15208200
03/08/2022, 108.22 , 115.57 , 107.65 , 115.02 , 115.02 ,23354900
04/08/2022, 114.31 , 119.24 , 114.25 , 119.22 , 119.22 ,9180300
05/08/2022, 115.52 , 118.87 , 114.82 , 117.11 , 117.11 ,6495000
08/08/2022, 118.15 , 119.64 , 115.43 , 115.82 , 115.82 ,5382900
09/08/2022, 115.00 , 115.67 , 112.80 , 114.44 , 114.44 ,4201200
10/08/2022, 119.33 , 120.34 , 116.30 , 118.73 , 118.73 ,5529000
11/08/2022, 121.30 , 127.09 , 120.96 , 121.50 , 121.50 ,8110100
12/08/2022, 122.80 , 125.00 , 121.12 , 124.51 , 124.51 ,5012500
15/08/2022, 123.55 , 126.43 , 123.20 , 126.04 , 126.04 ,4884700
16/08/2022, 124.23 , 125.42 , 122.62 , 124.18 , 124.18 ,4370700
17/08/2022, 121.63 , 123.27 , 120.64 , 121.87 , 121.87 ,4336200
18/08/2022, 121.50 , 122.20 , 120.28 , 121.27 , 121.27 ,3373900
19/08/2022, 118.18 , 119.22 , 114.10 , 114.76 , 114.76 ,5288800
22/08/2022, 110.36 , 114.23 , 109.97 , 111.39 , 111.39 ,6057400
23/08/2022, 112.41 , 114.02 , 111.41 , 111.60 , 111.60 ,5447200
24/08/2022, 110.93 , 115.57 , 110.84 , 114.51 , 114.51 ,3634000
25/08/2022, 115.89 , 117.95 , 115.42 , 117.03 , 117.03 ,4021600
26/08/2022, 117.06 , 118.27 , 112.78 , 112.82 , 112.82 ,3778700
29/08/2022, 111.77 , 115.80 , 111.53 , 113.54 , 113.54 ,4620600
30/08/2022, 114.50 , 116.02 , 110.44 , 112.56 , 112.56 ,4507200
31/08/2022, 113.49 , 115.58 , 112.40 , 113.12 , 113.12 ,6191600
01/09/2022, 111.10 , 114.08 , 108.17 , 113.40 , 113.40 ,5661500
02/09/2022, 114.32 , 116.46 , 112.33 , 113.64 , 113.64 ,4118500
06/09/2022, 114.09 , 114.52 , 110.50 , 113.70 , 113.70 ,4067100
07/09/2022, 112.85 , 116.44 , 112.71 , 116.07 , 116.07 ,4619300
08/09/2022, 114.00 , 119.35 , 114.00 , 118.58 , 118.58 ,4064000
09/09/2022, 120.02 , 123.71 , 119.90 , 123.48 , 123.48 ,5413300
12/09/2022, 124.25 , 127.24 , 123.79 , 124.79 , 124.79 ,6993300
13/09/2022, 119.70 , 123.86 , 119.05 , 121.54 , 121.54 ,7126500
14/09/2022, 121.63 , 127.00 , 119.51 , 126.80 , 126.80 ,5690100
15/09/2022, 125.29 , 129.38 , 124.28 , 125.04 , 125.04 ,6606100
16/09/2022, 121.11 , 122.26 , 117.59 , 118.75 , 118.75 ,13700500
19/09/2022, 116.87 , 119.78 , 116.47 , 118.78 , 118.78 ,4715400
20/09/2022, 117.93 , 121.66 , 116.62 , 116.71 , 116.71 ,5610900
21/09/2022, 116.37 , 119.33 , 112.36 , 114.01 , 114.01 ,6898700
22/09/2022, 112.67 , 113.72 , 103.26 , 103.72 , 103.72 ,8399400
23/09/2022, 102.20 , 103.18 , 99.71 , 101.75 , 101.75 ,6241800
26/09/2022, 101.78 , 105.36 , 101.56 , 103.23 , 103.23 ,5278800
27/09/2022, 106.04 , 108.17 , 104.14 , 106.37 , 106.37 ,5081000
28/09/2022, 106.70 , 111.13 , 105.78 , 110.69 , 110.69 ,4518200
29/09/2022, 109.19 , 109.47 , 105.17 , 106.66 , 106.66 ,4259500
30/09/2022, 104.76 , 109.08 , 104.73 , 105.04 , 105.04 ,4747800
03/10/2022, 175.23 , 175.36 , 168.55 , 183.01 , 183.01 ,4963000
04/10/2022, 177.47 , 179.26 , 164.03 , 177.50 , 177.50 ,4067100
05/10/2022, 184.63 , 187.59 , 162.43 , 184.74 , 184.74 ,4619300
06/10/2022, 191.50 , 197.32 , 160.63 , 192.25 , 192.25 ,4064000
07/10/2022, 199.51 , 199.70 , 168.60 , 199.60 , 199.60 ,5413300
10/10/2022, 170.24 , 174.10 , 169.48 , 173.97 , 173.97 ,6993300
11/10/2022, 184.40 , 189.54 , 166.63 , 186.67 , 186.67 ,7126500
12/10/2022, 172.45 , 175.90 , 171.23 , 174.75 , 174.75 ,5690100
13/10/2022, 185.60 , 189.19 , 171.80 , 186.58 , 186.58 ,6606100
14/10/2022, 198.50 , 199.75 , 170.04 , 198.65 , 198.65 ,13700500
17/10/2022, 181.47 , 182.95 , 168.58 , 182.18 , 182.18 ,4715400
18/10/2022, 178.54 , 179.70 , 167.11 , 179.32 , 179.32 ,5610900
19/10/2022, 198.32 , 199.81 , 170.06 , 199.74 , 199.74 ,6898700
20/10/2021, 184.45 , 184.94 , 168.20 , 184.76 , 184.76 ,8399400
21/10/2022, 197.85 , 198.53 , 167.70 , 198.50 , 198.50 ,6241800
24/10/2022, 192.35 , 199.44 , 165.16 , 196.64 , 196.64 ,5278800
25/10/2022, 192.01 , 193.33 , 166.65 , 192.24 , 192.24 ,5081000
26/10/2022, 180.54 , 181.21 , 167.90 , 181.14 , 181.14 ,4518200
27/10/2022, 187.65 , 188.65 , 168.88 , 188.10 , 188.10 ,4009800
28/10/2022, 198.74 , 199.85 , 168.71 , 199.70 , 199.70 ,4143700
31/10/2022, 198.65 , 199.39 , 168.85 , 198.66 , 198.66 ,4294400
01/11/2022, 170.25 , 175.44 , 170.50 , 174.60 , 174.60 ,5401100
02/11/2022, 165.25 , 165.30 , 170.58 , 172.87 , 172.87 ,5292100
03/11/2022, 185.36 , 185.75 , 170.93 , 184.87 , 184.87 ,2827100
04/11/2022, 187.65 , 188.43 , 173.96 , 187.75 , 187.75 ,9664600
07/11/2022, 186.36 , 203.29 , 185.94 , 201.62 , 201.62 ,17330500
08/11/2022, 197.65 , 211.34 , 199.75 , 200.32 , 200.32 ,9855300
09/11/2022, 199.84 , 201.50 , 187.50 , 195.68 , 195.68 ,9056100
10/11/2022, 196.35 , 197.50 , 189.28 , 192.22 , 192.22 ,6704100
11/11/2022, 199.89 , 199.93 , 190.77 , 191.61 , 191.61 ,5899000
14/11/2022, 200.45 , 208.16 , 192.06 , 206.54 , 206.54 ,12057800
15/11/2022, 207.53 , 209.24 , 204.16 , 207.71 , 207.71 ,7479300
16/11/2022, 207.51 , 209.93 , 203.47 , 207.59 , 207.59 ,5431300
17/11/2022, 207.45 , 212.58 , 198.40 , 209.11 , 209.11 ,6383400
18/11/2022, 200.15 , 205.00 , 196.00 , 204.33 , 204.33 ,4597700
21/11/2022, 201.45 , 202.36 , 190.50 , 201.42 , 201.42 ,8181900
22/11/2022, 201.75 , 202.76 , 176.72 , 201.80 , 201.80 ,12619800
23/11/2022, 200.34 , 203.73 , 175.25 , 201.27 , 201.27 ,6451900
24/11/2022, 204.33 , 204.78 , 175.00 , 204.52 , 204.52 ,4763300
25/11/2022, 198.54 , 198.64 , 167.04 , 198.59 , 198.59 ,6044100
28/11/2021, 199.30 , 199.70 , 175.90 , 199.48 , 199.48 ,5317400
29/11/2022, 195.63 , 200.64 , 170.92 , 196.54 , 196.54 ,10682700
30/11/2022, 199.24 , 200.13 , 162.03 , 199.58 , 199.58 ,7645700
01/12/2022, 186.30 , 187.29 , 160.49 , 186.60 , 186.60 ,5687600
02/12/2022, 198.60 , 199.73 , 162.14 , 198.75 , 198.75 ,6460900
05/12/2022, 199.77 , 200.93 , 162.85 , 199.85 , 199.85 ,9813800
06/12/2022, 195.66 , 197.50 , 182.02 , 196.14 , 196.14 ,6264600
07/12/2022, 198.88 , 199.50 , 182.14 , 198.99 , 198.99 ,4218700
08/12/2022, 196.25 , 198.30 , 179.28 , 197.46 , 197.46 ,7518000
09/12/2022, 199.35 , 200.15 , 175.85 , 199.42 , 199.42 ,6980400
12/12/2022, 195.47 , 196.24 , 168.89 , 196.04 , 196.04 ,9263700
13/12/2022, 197.68 , 199.91 , 164.50 , 198.96 , 198.96 ,6660400
14/12/2022, 199.63 , 199.96 , 160.18 , 199.74 , 199.74 ,9678500
15/12/2022, 199.50 , 199.73 , 153.60 , 199.64 , 199.64 ,12415100
16/12/2022, 196.36 , 198.31 , 149.44 , 197.91 , 197.91 ,24062400
19/12/2022, 197.54 , 198.48 , 151.00 , 198.23 , 198.23 ,14639300
20/12/2022, 199.41 , 199.75 , 158.37 , 199.66 , 199.66 ,26293500
21/12/2022, 195.30 , 196.68 , 162.80 , 196.29 , 196.29 ,14802500
22/12/2022, 198.69 , 198.99 , 166.89 , 198.71 , 198.71 ,9017400
23/12/2022, 195.22 , 196.43 , 168.78 , 195.68 , 195.68 ,12725200
26/12/2022, 200.52 , 200.73 , 167.73 , 200.71 , 200.71 ,12292600
27/12/2022, 203.65 , 204.48 , 165.02 , 204.44 , 204.44 ,11995400
28/12/2022, 201.33 , 201.85 , 165.71 , 201.78 , 201.78 ,10181100
29/12/2022, 200.25 , 201.02 , 166.08 , 200.49 , 200.49 ,9596000
